{
  "1101.TW": {
    "name": "台泥",
    "alpha": -0.39609087195471193,
    "beta_mkt": 0.23115235846182325,
    "beta_smb": 0.08341635504727662,
    "beta_hml": -0.0338542383795114,
    "r2": 0.03361755887651885
  },
  "2352.TW": {
    "name": "佳世達",
    "alpha": -0.5322735767863233,
    "beta_mkt": 0.509507246486617,
    "beta_smb": 0.15830798175252583,
    "beta_hml": -0.2729073809413961,
    "r2": 0.055306379774771486
  },
  "2409.TW": {
    "name": "友達",
    "alpha": -0.1671890389438528,
    "beta_mkt": 0.5664179154257756,
    "beta_smb": 0.04532895441128271,
    "beta_hml": -0.3010149661886526,
    "r2": 0.05585529652708099
  },
  "6919.TW": {
    "name": "康霈",
    "alpha": NaN,
    "beta_mkt": NaN,
    "beta_smb": NaN,
    "beta_hml": NaN,
    "r2": 0
  },
  "0050.TW": {
    "name": "元大台灣50",
    "alpha": 0.06379175064884215,
    "beta_mkt": 0.7914853634979634,
    "beta_smb": -0.3279489186737205,
    "beta_hml": 0.0963203290647408,
    "r2": 0.9527519976024972
  },
  "00919.TW": {
    "name": "群益高息",
    "alpha": 0.0644472583569628,
    "beta_mkt": 0.7689006744612735,
    "beta_smb": 0.6525936412693141,
    "beta_hml": 0.11286476833587053,
    "r2": 0.9232265667642989
  }
}